{
    "B": {
        "const": 0.00016812564683091458,
        "1m": 1093811351.7528558,
        "2m": 0.0,
        "3m": 0.0,
        "4m": 1134882850.8837745,
        "5m": 3708671260.638403,
        "6m": 3788727597.753227,
        "7m": 2459069092.5114827,
        "8m": 1859015890.8613617,
        "9m": 3845692225.3381705,
        "10m": 1828960973.5517128,
        "11m": 2419513957.390967,
        "12m": 1768766450.2735903,
        "1d": 13243826369.497004,
        "2d": 12853236015.422247,
        "3d": 12412289097.01894,
        "4d": 12435963626.870823,
        "5d": 11650020719.745283,
        "6d": 10990092864.680117,
        "7d": 10755089883.34238,
        "8d": 10935315651.229233,
        "9d": 10470926184.518461,
        "10d": 10866400758.52198,
        "11d": 10057843562.862082,
        "12d": 9448765837.074156,
        "13d": 9400100960.917501,
        "14d": 9351157228.881588,
        "15d": 9688053616.030935,
        "16d": 9252415470.751068,
        "17d": 10296168368.772028,
        "18d": 10281454320.594986,
        "19d": 10132994409.610165,
        "20d": 9905630222.036222,
        "21d": 10838694934.136045,
        "22d": 10670740076.073978,
        "23d": 10354789791.089378,
        "24d": 10310858839.633596,
        "25d": 10103009050.430273,
        "26d": 11299179018.420132,
        "27d": 13100399841.299217,
        "28d": 12506667288.453836,
        "29d": 12784823678.495253,
        "30d": 13144734190.252151,
        "31d": 8453418665.80269,
        "00h": 1893859870.2873137,
        "01h": 1893859870.287273,
        "02h": 1888504611.5363164,
        "03h": 1899197132.8169029,
        "04h": 1893859870.2893825,
        "05h": 1897420035.517877,
        "06h": 1893859870.3331876,
        "07h": 1884924365.4533677,
        "08h": 1892076791.1939266,
        "09h": 1874134765.1844437,
        "10h": 1874134765.1870449,
        "11h": 1892076791.1943104,
        "12h": 1835777498.936412,
        "13h": 1841314990.5331724,
        "14h": 1875938155.7726572,
        "15h": 1899197132.8349533,
        "16h": 1875938155.7767916,
        "17h": 1877739488.9559667,
        "18h": 1886715499.6444316,
        "19h": 1879538770.6316009,
        "20h": 1890291706.7912946,
        "21h": 1906285749.9193223,
        "22h": 1888504611.536324,
        "23h": 1883131203.0301514,
        "Barometer_HPa": 0.0,
        "Temp__C": 0.6025347987833239,
        "HighTemp__C": 0.0,
        "LowTemp__C": 0.0,
        "Hum__": 0.17431678417723834,
        "DewPoint__C": 0.0,
        "WetBulb__C": 0.0,
        "WindSpeed_Km_h": 0.0,
        "WindRun_Km": 0.0,
        "HighWindSpeed_Km_h": 0.0,
        "WindChill__C": 0.48262826460920755,
        "HeatIndex__C": 0.0,
        "THWIndex__C": -0.9541586700340431,
        "THSWIndex__C": 0.418056645416797,
        "Rain_Mm": 0.0,
        "RainRate_Mm_h": 0.0,
        "SolarRad_W_m_2": 0.0,
        "SolarEnergy_Ly": 0.0,
        "HighSolarRad_W_m_2": 0.0,
        "ET_Mm": 0.0,
        "HeatingDegreeDays": 0.0,
        "CoolingDegreeDays": 0.0
        
    },
    "calib_input_media": {
        "1m": 0.014922898358481181,
        "2m": 0.0,
        "3m": 0.0,
        "4m": 0.016083568230807494,
        "5m": 0.2153871663074117,
        "6m": 0.22865196484828387,
        "7m": 0.08083236610843973,
        "8m": 0.044437075111921735,
        "9m": 0.23868346874481844,
        "10m": 0.04294478527607362,
        "11m": 0.07801359641850439,
        "12m": 0.040043110595257836,
        "1d": 0.047587464765378874,
        "2d": 0.04468579008456309,
        "3d": 0.04153540043110595,
        "4d": 0.041701210412866854,
        "5d": 0.03639529099651799,
        "6d": 0.03225004145249544,
        "7d": 0.030840656607527772,
        "8d": 0.031918421488973635,
        "9d": 0.029182556789918754,
        "10d": 0.031503896534571384,
        "11d": 0.026861217045266124,
        "12d": 0.023627922400928536,
        "13d": 0.023379207428287183,
        "14d": 0.02313049245564583,
        "15d": 0.0248714972641353,
        "16d": 0.022633062510363122,
        "17d": 0.02818769689935334,
        "18d": 0.02810479190847289,
        "19d": 0.02727574199966838,
        "20d": 0.026032167136461615,
        "21d": 0.03133808655281048,
        "22d": 0.03034322666224507,
        "23d": 0.028519316862875146,
        "24d": 0.028270601890233792,
        "25d": 0.027109932017907477,
        "26d": 0.034156856242745816,
        "27d": 0.04650969988393301,
        "28d": 0.04219864035814956,
        "29d": 0.04418836013928038,
        "30d": 0.046841319847454814,
        "31d": 0.01881943292986238,
        "00h": 0.04211573536726911,
        "01h": 0.04211573536726911,
        "02h": 0.04186702039462776,
        "03h": 0.042364450339910466,
        "04h": 0.04211573536726911,
        "05h": 0.04228154534903001,
        "06h": 0.04211573536726911,
        "07h": 0.041701210412866854,
        "08h": 0.04203283037638866,
        "09h": 0.04120378046758415,
        "10h": 0.04120378046758415,
        "11h": 0.04203283037638866,
        "12h": 0.03946277565909468,
        "13h": 0.039711490631736034,
        "14h": 0.041286685458464596,
        "15h": 0.042364450339910466,
        "16h": 0.041286685458464596,
        "17h": 0.04136959044934505,
        "18h": 0.0417841154037473,
        "19h": 0.0414524954402255,
        "20h": 0.04194992538550821,
        "21h": 0.04269607030343227,
        "22h": 0.04186702039462776,
        "23h": 0.041618305421986405,
        "Barometer_HPa": 1014.2843143757254,
        "Temp__C": 19.519134471895207,
        "HighTemp__C": 19.706682142264963,
        "LowTemp__C": 19.33324490134306,
        "Hum__": 73.66945780135964,
        "DewPoint__C": 13.983742331288346,
        "WetBulb__C": 15.430981595092025,
        "WindSpeed_Km_h": 3.831835516498093,
        "WindRun_Km": 0.9602412535234621,
        "HighWindSpeed_Km_h": 8.967360305090368,
        "WindChill__C": 19.439562261648152,
        "HeatIndex__C": 19.880127673685955,
        "THWIndex__C": 19.800754435417012,
        "THSWIndex__C": 21.05844801857072,
        "Rain_Mm": 0.01225335765213066,
        "RainRate_Mm_h": 0.8258829381528767,
        "SolarRad_W_m_2": 197.00878792903333,
        "SolarEnergy_Ly": 4.237849444536561,
        "HighSolarRad_W_m_2": 219.35043939645166,
        "ET_Mm": 0.03785607693583154,
        "HeatingDegreeDays": 0.025987730061349697,
        "CoolingDegreeDays": 0.038332946443375884
        
    },
    "calib_input_stdev": {
        "1m": 0.1212494300378763,
        "2m": 1.0,
        "3m": 1.0,
        "4m": 0.12580222229621932,
        "5m": 0.4111077068511333,
        "6m": 0.4199819841434791,
        "7m": 0.2725888019058923,
        "8m": 0.2060726621994344,
        "9m": 0.4262965361248195,
        "10m": 0.20274106247947166,
        "11m": 0.2682040992107421,
        "12m": 0.19606847526564067,
        "1d": 0.21290057719171604,
        "2d": 0.20662165828200685,
        "3d": 0.1995332345273751,
        "4d": 0.19991381344244674,
        "5d": 0.187279421092539,
        "6d": 0.17667077844436502,
        "7d": 0.17289299784142537,
        "8d": 0.17579020963936837,
        "9d": 0.1683249361793586,
        "10d": 0.174682371162246,
        "11d": 0.16168444376230084,
        "12d": 0.15189324024169,
        "13d": 0.15111093005940882,
        "14d": 0.15032413714100068,
        "15d": 0.15573990092980888,
        "16d": 0.14873681813566272,
        "17d": 0.16551562421736202,
        "18d": 0.16527908915101794,
        "19d": 0.16289252805776294,
        "20d": 0.15923754456461528,
        "21d": 0.17423698734047807,
        "22d": 0.17153703604053713,
        "23d": 0.1664579904414526,
        "24d": 0.16575178026772772,
        "25d": 0.16241049966970614,
        "26d": 0.18163947998849006,
        "27d": 0.2105949300329944,
        "28d": 0.20105040719874628,
        "29d": 0.20552189861955106,
        "30d": 0.2113076250064995,
        "31d": 0.13589257839688937,
        "00h": 0.2008615070943291,