{
    "B": {
        "const": -0.00021174418953272733,
        "1m": 15005940745.386953,
        "2m": 4523010562.635735,
        "3m": 7127497685.493396,
        "4m": 14799541498.719671,
        "5m": 15003818120.35676,
        "6m": 14790824641.742142,
        "7m": 9130897097.175072,
        "8m": 6768777711.357953,
        "9m": 13690454630.38191,
        "10m": 7625097668.661402,
        "11m": 14793004745.247005,
        "12m": 11879221908.367922,
        "1d": 982611288.032516,
        "2d": 968329347.6921682,
        "3d": 906904644.6818596,
        "4d": 882915657.3441025,
        "5d": 865550371.2824316,
        "6d": 827179142.8739637,
        "7d": 827775691.7795258,
        "8d": 827179142.8730707,
        "9d": 827775691.7843466,
        "10d": 827775691.7922407,
        "11d": 791706341.8489609,
        "12d": 768111398.7826695,
        "13d": 767462434.5654099,
        "14d": 768111398.7785621,
        "15d": 801050393.0723121,
        "16d": 827179142.8759453,
        "17d": 827179142.8800092,
        "18d": 827775691.788652,
        "19d": 824788047.1367484,
        "20d": 827775691.7932056,
        "21d": 827775691.7926805,
        "22d": 827775691.7858267,
        "23d": 827775691.7911067,
        "24d": 827775691.7973433,
        "25d": 813929449.3747256,
        "26d": 860433094.4891083,
        "27d": 880697176.3469281,
        "28d": 882915657.3491439,
        "29d": 906904644.6862829,
        "30d": 961343564.3344556,
        "31d": 768111398.7941159,
        "00h": 547955579.541774,
        "01h": 547955579.5409206,
        "02h": 546799662.1624768,
        "03h": 547955579.5391482,
        "04h": 547666872.2914132,
        "05h": 547955579.5458621,
        "06h": 547666872.3155144,
        "07h": 547088913.9251748,
        "08h": 547955579.5719646,
        "09h": 547088913.9303918,
        "10h": 548244105.9143822,
        "11h": 548820616.964772,
        "12h": 547955579.5972699,
        "13h": 549108602.2444721,
        "14h": 548820616.9553337,
        "15h": 548820616.945947,
        "16h": 547666872.3176522,
        "17h": 546799662.1753848,
        "18h": 547955579.5429523,
        "19h": 547955579.5404785,
        "20h": 547955579.5472581,
        "21h": 547955579.5488472,
        "22h": 547955579.547138,
        "23h": 547955579.5449603,
        "Barometer_HPa": 0.0,
        "Temp__C": 0.0,
        "HighTemp__C": 0.0,
        "LowTemp__C": 0.0,
        "Hum__": 0.0,
        "DewPoint__C": 0.0,
        "WetBulb__C": 0.0,
        "WindSpeed_Km_h": 0.0,
        "WindRun_Km": 0.0,
        "HighWindSpeed_Km_h": 0.0,
        "WindChill__C": 0.0,
        "HeatIndex__C": 0.0,
        "THWIndex__C": -0.48049465889362497,
        "THSWIndex__C": 0.5991677411439623,
        "Rain_Mm": 0.0,
        "RainRate_Mm_h": 0.0,
        "SolarRad_W_m_2": 0.0,
        "SolarEnergy_Ly": 0.11722131987653331,
        "HighSolarRad_W_m_2": 0.0,
        "ET_Mm": 0.0,
        "HeatingDegreeDays": -1.0465133609670334,
        "CoolingDegreeDays": 0.0,
        "Barometer_HPa-1": 0.0,
        "Temp__C-1": 0.0,
        "HighTemp__C-1": 0.0,
        "LowTemp__C-1": 0.0,
        "Hum__-1": 0.3657016215867605,
        "DewPoint__C-1": -0.774886880183043,
        "WetBulb__C-1": 0.4985266121743255,
        "WindSpeed_Km_h-1": 0.0,
        "WindRun_Km-1": 0.0,
        "HighWindSpeed_Km_h-1": 0.0,
        "WindChill__C-1": 0.0,
        "HeatIndex__C-1": 0.0,
        "THWIndex__C-1": 0.0,
        "THSWIndex__C-1": 0.0,
        "Rain_Mm-1": 0.0,
        "RainRate_Mm_h-1": 0.0,
        "SolarRad_W_m_2-1": 0.0,
        "SolarEnergy_Ly-1": 0.040010664502086374,
        "HighSolarRad_W_m_2-1": 0.0,
        "ET_Mm-1": 0.0,
        "HeatingDegreeDays-1": 0.0,
        "CoolingDegreeDays-1": 0.2541856560770203,
        "Barometer_HPa-2": 0.0,
        "Temp__C-2": 0.0,
        "HighTemp__C-2": 0.4001074617409332,
        "LowTemp__C-2": 0.0,
        "Hum__-2": 0.0,
        "DewPoint__C-2": 0.0,
        "WetBulb__C-2": 0.0,
        "WindSpeed_Km_h-2": -1.2198630913552273,
        "WindRun_Km-2": 1.2030100733545337,
        "HighWindSpeed_Km_h-2": 0.0,
        "WindChill__C-2": 0.0,
        "HeatIndex__C-2": 0.0,
        "THWIndex__C-2": 0.0,
        "THSWIndex__C-2": 0.0,
        "Rain_Mm-2": 0.0,
        "RainRate_Mm_h-2": 0.0,
        "SolarRad_W_m_2-2": 0.0,
        "SolarEnergy_Ly-2": 0.0,
        "HighSolarRad_W_m_2-2": 0.0,
        "ET_Mm-2": 0.0,
        "HeatingDegreeDays-2": 0.0,
        "CoolingDegreeDays-2": 0.0,
        "Barometer_HPa-3": 0.020775263750940947,
        "Temp__C-3": 0.0,
        "HighTemp__C-3": 0.0,
        "LowTemp__C-3": 0.0,
        "Hum__-3": 0.0,
        "DewPoint__C-3": 0.0,
        "WetBulb__C-3": 0.0,
        "WindSpeed_Km_h-3": 0.0,
        "WindRun_Km-3": 0.0,
        "HighWindSpeed_Km_h-3": 0.0,
        "WindChill__C-3": -0.3587067947424965,
        "HeatIndex__C-3": 0.0,
        "THWIndex__C-3": 0.0,
        "THSWIndex__C-3": 0.169357857382988,
        "Rain_Mm-3": 0.0,
        "RainRate_Mm_h-3": 0.0,
        "SolarRad_W_m_2-3": 0.0,
        "SolarEnergy_Ly-3": 0.0,
        "HighSolarRad_W_m_2-3": 0.0,
        "ET_Mm-3": 0.0,
        "HeatingDegreeDays-3": 0.32269767548624984,
        "CoolingDegreeDays-3": 0.0
    },
    "calib_input_media": {
        "1m": 0.1365826793336087,
        "2m": 0.010831153334251227,
        "3m": 0.02735325164073615,
        "4m": 0.13217678645187939,
        "5m": 0.1365367846160907,
        "6m": 0.13199320758180733,
        "7m": 0.04575703336545964,
        "8m": 0.02459956858965533,
        "9m": 0.11033090091330487,
        "10m": 0.031437881499839365,
        "11m": 0.13203910229932533,
        "12m": 0.08036165037404194,
        "1d": 0.044058928817293126,
        "2d": 0.042727982009270735,
        "3d": 0.0372665106246271,
        "4d": 0.0352471430538345,
        "5d": 0.03382440681077608,
        "6d": 0.030795355454587177,
        "7d": 0.030841250172105192,
        "8d": 0.030795355454587177,
        "9d": 0.030841250172105192,
        "10d": 0.030841250172105192,
        "11d": 0.028133461838542383,
        "12d": 0.02643535729037588,
        "13d": 0.026389462572857864,
        "14d": 0.02643535729037588,
        "15d": 0.02882188260131259,
        "16d": 0.030795355454587177,
        "17d": 0.030795355454587177,
        "18d": 0.030841250172105192,
        "19d": 0.03061177658451512,
        "20d": 0.030841250172105192,
        "21d": 0.030841250172105192,
        "22d": 0.030841250172105192,
        "23d": 0.030841250172105192,
        "24d": 0.030841250172105192,
        "25d": 0.029785671669190876,
        "26d": 0.03341135435311396,
        "27d": 0.03506356418376245,
        "28d": 0.0352471430538345,
        "29d": 0.0372665106246271,
        "30d": 0.04208545596401854,
        "31d": 0.02643535729037588,
        "00h": 0.04167240350635642,
        "01h": 0.04167240350635642,
        "02h": 0.041488824636284366,
        "03h": 0.04167240350635642,
        "04h": 0.041626508788838404,
        "05h": 0.04167240350635642,
        "06h": 0.041626508788838404,
        "07h": 0.041534719353802374,
        "08h": 0.04167240350635642,
        "09h": 0.041534719353802374,
        "10h": 0.041718298223874434,
        "11h": 0.04181008765891046,
        "12h": 0.04167240350635642,
        "13h": 0.04185598237642847,
        "14h": 0.04181008765891046,
        "15h": 0.04181008765891046,
        "16h": 0.041626508788838404,
        "17h": 0.041488824636284366,
        "18h": 0.04167240350635642,
        "19h": 0.04167240350635642,
        "20h": 0.04167240350635642,
        "21h": 0.04167240350635642,
        "22h": 0.04167240350635642,
        "23h": 0.04167240350635642,
        "Barometer_HPa": 1014.8688558446922,
        "Temp__C": 14.160452521914726,
        "HighTemp__C": 14.33523337463858,
        "LowTemp__C": 13.986731837165543,
        "Hum__": 77.32979944008444,
        "DewPoint__C": 9.585056679976134,
        "WetBulb__C": 10.98448299600716,