{
    "B": {
        "const": -0.0011467054767784523,
        "1m": 73111557955.4788,
        "2m": 22089436717.052433,
        "3m": 34671469931.39311,
        "4m": 72100791444.87851,
        "5m": 73101161460.77126,
        "6m": 72079456936.95866,
        "7m": 44427675393.48382,
        "8m": 32925323543.18212,
        "9m": 72090125623.5574,
        "10m": 38780660911.44917,
        "11m": 72068785383.38873,
        "12m": 57827809594.05128,
        "1d": 56987257687.004906,
        "2d": 56157970677.70191,
        "3d": 52654146260.13108,
        "4d": 51199373877.439896,
        "5d": 51199373877.43788,
        "6d": 49159761870.4805,
        "7d": 47999106357.32644,
        "8d": 47999106357.32504,
        "9d": 47999106357.32774,
        "10d": 47999106357.33211,
        "11d": 45905992836.90297,
        "12d": 44536898241.24195,
        "13d": 44499243504.72599,
        "14d": 44536898241.243546,
        "15d": 46448207724.012794,
        "16d": 47964486513.204895,
        "17d": 47964486513.210365,
        "18d": 47999106357.331345,
        "19d": 47895161839.1987,
        "20d": 47999106357.33673,
        "21d": 47999106357.33644,
        "22d": 47999106357.32519,
        "23d": 47999106357.330444,
        "24d": 47999106357.33193,
        "25d": 48821646020.69074,
        "26d": 52964277284.62364,
        "27d": 54063597298.68284,
        "28d": 54184133544.513535,
        "29d": 55489743087.09287,
        "30d": 56987257687.00926,
        "31d": 44536898241.24968,
        "00h": 1589489486.3277364,
        "01h": 1589489486.3270812,
        "02h": 1586223107.541692,
        "03h": 1589489486.3253627,
        "04h": 1588673640.8296237,
        "05h": 1589489486.33292,
        "06h": 1589489486.3533237,
        "07h": 1587857296.417931,
        "08h": 1588673640.8666186,
        "09h": 1583768062.8657901,
        "10h": 1586223107.59231,
        "11h": 1587040452.2661316,
        "12h": 1585405261.658886,
        "13h": 1589489486.3715475,
        "14h": 1588673640.8635404,
        "15h": 1588673640.8597763,
        "16h": 1588673640.8504658,
        "17h": 1586223107.5525355,
        "18h": 1589489486.3270998,
        "19h": 1589489486.3262603,
        "20h": 1589489486.3343656,
        "21h": 1589489486.3360124,
        "22h": 1589489486.3335288,
        "23h": 1589489486.330907,
        "Barometer_HPa": 0.0,
        "Temp__C": 0.9947540277607293,
        "HighTemp__C": -0.3728797082777073,
        "LowTemp__C": 0.0,
        "Hum__": 0.35640446309551344,
        "DewPoint__C": -0.41097105908874276,
        "WetBulb__C": 0.0,
        "WindSpeed_Km_h": 0.0,
        "WindRun_Km": 0.0,
        "HighWindSpeed_Km_h": 0.0,
        "WindChill__C": 0.0,
        "HeatIndex__C": 0.0,
        "THWIndex__C": -0.7439263759253122,
        "THSWIndex__C": 0.709183267589327,
        "Rain_Mm": 0.0,
        "RainRate_Mm_h": 0.0,
        "SolarRad_W_m_2": 0.0,
        "SolarEnergy_Ly": 0.09112314470932353,
        "HighSolarRad_W_m_2": 0.03956650111266071,
        "ET_Mm": 0.0,
        "HeatingDegreeDays": -0.913555649291955,
        "CoolingDegreeDays": 0.0,
        "Barometer_HPa-1": -0.1384380451820671,
        "Temp__C-1": 0.0,
        "HighTemp__C-1": 0.0,
        "LowTemp__C-1": 0.0,
        "Hum__-1": 0.0,
        "DewPoint__C-1": -0.4065294784644335,
        "WetBulb__C-1": 0.7005180915578232,
        "WindSpeed_Km_h-1": -1.1136113381836437,
        "WindRun_Km-1": 1.1029185162823891,
        "HighWindSpeed_Km_h-1": 0.0,
        "WindChill__C-1": 0.0,
        "HeatIndex__C-1": -0.29617639538003415,
        "THWIndex__C-1": 0.0,
        "THSWIndex__C-1": 0.0,
        "Rain_Mm-1": 0.0,
        "RainRate_Mm_h-1": 0.0,
        "SolarRad_W_m_2-1": 0.0,
        "SolarEnergy_Ly-1": 0.0,
        "HighSolarRad_W_m_2-1": 0.0,
        "ET_Mm-1": 0.0,
        "HeatingDegreeDays-1": 0.0,
        "CoolingDegreeDays-1": 0.2631092616978661,
        "Barometer_HPa-2": 0.0,
        "Temp__C-2": 0.0,
        "HighTemp__C-2": 0.0,
        "LowTemp__C-2": 0.0,
        "Hum__-2": 0.0,
        "DewPoint__C-2": 0.0,
        "WetBulb__C-2": 0.0,
        "WindSpeed_Km_h-2": 0.0,
        "WindRun_Km-2": 0.0,
        "HighWindSpeed_Km_h-2": 0.0,
        "WindChill__C-2": 0.0,
        "HeatIndex__C-2": 0.0,
        "THWIndex__C-2": 0.0,
        "THSWIndex__C-2": 0.0,
        "Rain_Mm-2": 0.0,
        "RainRate_Mm_h-2": 0.0,
        "SolarRad_W_m_2-2": 0.0,
        "SolarEnergy_Ly-2": 0.0,
        "HighSolarRad_W_m_2-2": 0.0,
        "ET_Mm-2": 0.0,
        "HeatingDegreeDays-2": 0.0,
        "CoolingDegreeDays-2": 0.0,
        "Barometer_HPa-3": 0.1542873102428636,
        "Temp__C-3": 0.0,
        "HighTemp__C-3": 0.0,
        "LowTemp__C-3": 0.0,
        "Hum__-3": 0.0,
        "DewPoint__C-3": 0.0,
        "WetBulb__C-3": 0.0,
        "WindSpeed_Km_h-3": 0.0,
        "WindRun_Km-3": 0.0,
        "HighWindSpeed_Km_h-3": 0.0,
        "WindChill__C-3": -0.13024595455036875,
        "HeatIndex__C-3": 0.0,
        "THWIndex__C-3": 0.0,
        "THSWIndex__C-3": 0.11437515414358773,
        "Rain_Mm-3": 0.0,
        "RainRate_Mm_h-3": 0.0,
        "SolarRad_W_m_2-3": 0.0,
        "SolarEnergy_Ly-3": 0.0,
        "HighSolarRad_W_m_2-3": 0.0,
        "ET_Mm-3": 0.0,
        "HeatingDegreeDays-3": 0.2867103849181935,
        "CoolingDegreeDays-3": 0.0
    },
    "calib_input_media": {
        "1m": 0.13324975373869435,
        "2m": 0.010656398316468165,
        "3m": 0.026685770574012717,
        "4m": 0.12895137458583325,
        "5m": 0.13320497895585207,
        "6m": 0.12886182502014865,
        "7m": 0.044640458493776305,
        "8m": 0.023999283603474524,
        "9m": 0.12890659980299096,
        "10m": 0.03362586191456971,
        "11m": 0.12881705023730636,
        "12m": 0.07840064475687293,
        "1d": 0.042983791528611086,
        "2d": 0.04168532282618429,
        "3d": 0.03644667323363482,
        "4d": 0.03438703322288887,
        "5d": 0.03438703322288887,
        "6d": 0.03161099668666607,
        "7d": 0.03008865407002776,
        "8d": 0.03008865407002776,
        "9d": 0.03008865407002776,
        "10d": 0.03008865407002776,
        "11d": 0.02744694188233187,
        "12d": 0.02579027491716665,
        "13d": 0.025745500134324348,
        "14d": 0.02579027491716665,
        "15d": 0.028118563624966418,
        "16d": 0.03004387928718546,
        "17d": 0.03004387928718546,
        "18d": 0.03008865407002776,
        "19d": 0.02995432972150085,
        "20d": 0.03008865407002776,
        "21d": 0.03008865407002776,
        "22d": 0.03008865407002776,
        "23d": 0.03008865407002776,
        "24d": 0.03008865407002776,
        "25d": 0.031163248858243037,
        "26d": 0.03689442106205785,
        "27d": 0.038506313244380766,
        "28d": 0.038685412375749975,
        "29d": 0.04065550282081132,
        "30d": 0.042983791528611086,
        "31d": 0.02579027491716665,
        "00h": 0.041730097609026594,
        "01h": 0.041730097609026594,
        "02h": 0.041550998477657385,
        "03h": 0.041730097609026594,
        "04h": 0.04168532282618429,
        "05h": 0.041730097609026594,
        "06h": 0.041730097609026594,
        "07h": 0.04164054804334199,
        "08h": 0.04168532282618429,
        "09h": 0.04141667412913047,
        "10h": 0.041550998477657385,
        "11h": 0.04159577326049969,
        "12h": 0.04150622369481508,
        "13h": 0.041730097609026594,
        "14h": 0.04168532282618429,
        "15h": 0.04168532282618429,
        "16h": 0.04168532282618429,
        "17h": 0.041550998477657385,
        "18h": 0.041730097609026594,
        "19h": 0.041730097609026594,
        "20h": 0.041730097609026594,
        "21h": 0.041730097609026594,
        "22h": 0.041730097609026594,
        "23h": 0.041730097609026594,
        "Barometer_HPa": 1014.9047058296769,
        "Temp__C": 14.268147219485986,
        "HighTemp__C": 14.442585295961315,
        "LowTemp__C": 14.094783737798872,
        "Hum__": 77.48303035730277,