{
    "B": {
        "const": 7.704449222380172e-05,
        "1m": -18413786839.94644,
        "2m": -5664314910.375286,
        "3m": -3478372363.486864,
        "4m": 0.0,
        "5m": -16145430212.23085,
        "6m": -17578179118.714203,
        "7m": -11341734455.067787,
        "8m": -8428503471.479389,
        "9m": -18169894538.63385,
        "10m": -9914839478.031929,
        "11m": -18164789824.192688,
        "12m": -14691896901.672508,
        "1d": -1163300728.00776,
        "2d": -1142090302.5549908,
        "3d": -1051349577.688026,
        "4d": -1013070991.8525305,
        "5d": -1013070991.8488698,
        "6d": -958705138.1131206,
        "7d": -927358943.8437023,
        "8d": -927358943.8472104,
        "9d": -981919244.5807714,
        "10d": -1013070991.8457723,
        "11d": -961415982.4361639,
        "12d": -916960412.4836569,
        "13d": -918860813.7275834,
        "14d": -919809374.4197865,
        "15d": -965017105.5480452,
        "16d": -986312787.1751218,
        "17d": -989811711.7877836,
        "18d": -981037860.7466855,
        "19d": -981037860.7431278,
        "20d": -970390557.5329719,
        "21d": -1005385965.9879017,
        "22d": -1013070991.8516293,
        "23d": -1013070991.8454723,
        "24d": -1013070991.8439279,
        "25d": -1033245624.6060915,
        "26d": -1109751227.490965,
        "27d": -1091989140.9732447,
        "28d": -1091209188.107808,
        "29d": -1124929313.8721933,
        "30d": -1163300727.9968977,
        "31d": -927358943.8389587,
        "00h": 891438141.6443548,
        "01h": 891438141.6447878,
        "02h": 891438141.6439004,
        "03h": 891438141.6437187,
        "04h": 890874321.7539129,
        "05h": 892001536.5080819,
        "06h": 891438141.6657848,
        "07h": 888614775.642209,
        "08h": 887482431.2310019,
        "09h": 882935757.2928691,
        "10h": 884644017.6642461,
        "11h": 882935757.3198562,
        "12h": 879507402.8295851,
        "13h": 881223560.0314407,
        "14h": 874911446.5868492,
        "15h": 875487505.3768005,
        "16h": 874334938.1869392,
        "17h": 880079896.5998325,
        "18h": 886915613.2991958,
        "19h": 886348363.8144627,
        "20h": 889180303.768764,
        "21h": 889745403.6290045,
        "22h": 891438141.6478186,
        "23h": 891438141.6463857,
        "Barometer_HPa": 0.0,
        "Temp__C": 1.4086801727384353,
        "HighTemp__C": 0.0,
        "LowTemp__C": 0.0,
        "Hum__": 0.2511511917963391,
        "DewPoint__C": -0.25711063588014077,
        "WetBulb__C": 0.0,
        "WindSpeed_Km_h": 0.0,
        "WindRun_Km": 0.0,
        "HighWindSpeed_Km_h": 0.0,
        "WindChill__C": 0.0,
        "HeatIndex__C": 0.0,
        "THWIndex__C": -0.9099774395505604,
        "THSWIndex__C": 0.7671161997846081,
        "Rain_Mm": 0.0,
        "RainRate_Mm_h": 0.0,
        "SolarRad_W_m_2": 0.04958411301600535,
        "SolarEnergy_Ly": 0.0,
        "HighSolarRad_W_m_2": 0.0,
        "ET_Mm": 0.0,
        "HeatingDegreeDays": -0.17642499110859358,
        "CoolingDegreeDays": 0.0,
        "Barometer_HPa-1": 0.0,
        "Temp__C-1": 0.0,
        "HighTemp__C-1": 0.0,
        "LowTemp__C-1": 0.0,
        "Hum__-1": 0.0,
        "DewPoint__C-1": 0.0,
        "WetBulb__C-1": 0.0,
        "WindSpeed_Km_h-1": 0.0,
        "WindRun_Km-1": 0.0,
        "HighWindSpeed_Km_h-1": 0.0,
        "WindChill__C-1": 0.0,
        "HeatIndex__C-1": 0.0,
        "THWIndex__C-1": 0.0,
        "THSWIndex__C-1": 0.0,
        "Rain_Mm-1": 0.0,
        "RainRate_Mm_h-1": 0.0,
        "SolarRad_W_m_2-1": 0.0,
        "SolarEnergy_Ly-1": 0.0,
        "HighSolarRad_W_m_2-1": 0.0,
        "ET_Mm-1": 0.0,
        "HeatingDegreeDays-1": 0.0,
        "CoolingDegreeDays-1": 0.0,
        "Barometer_HPa-2": 0.0,
        "Temp__C-2": 0.0,
        "HighTemp__C-2": 0.0,
        "LowTemp__C-2": 0.0,
        "Hum__-2": 0.0,
        "DewPoint__C-2": 0.0,
        "WetBulb__C-2": 0.0,
        "WindSpeed_Km_h-2": -1.0919708483208064,
        "WindRun_Km-2": 1.0767075503921553,
        "HighWindSpeed_Km_h-2": 0.0,
        "WindChill__C-2": 0.0,
        "HeatIndex__C-2": 0.0,
        "THWIndex__C-2": 0.0,
        "THSWIndex__C-2": 0.0,
        "Rain_Mm-2": 0.0,
        "RainRate_Mm_h-2": 0.0,
        "SolarRad_W_m_2-2": 0.0,
        "SolarEnergy_Ly-2": 0.03137891735416187,
        "HighSolarRad_W_m_2-2": 0.0,
        "ET_Mm-2": 0.0,
        "HeatingDegreeDays-2": 0.0,
        "CoolingDegreeDays-2": 0.0,
        "Barometer_HPa-3": 0.010670307083453836,
        "Temp__C-3": 0.0,
        "HighTemp__C-3": 0.0,
        "LowTemp__C-3": 0.0,
        "Hum__-3": 0.0,
        "DewPoint__C-3": 0.0,
        "WetBulb__C-3": 0.0,
        "WindSpeed_Km_h-3": 0.0,
        "WindRun_Km-3": 0.0,
        "HighWindSpeed_Km_h-3": 0.0,
        "WindChill__C-3": -0.3400152126680801,
        "HeatIndex__C-3": 0.0,
        "THWIndex__C-3": 0.0,
        "THSWIndex__C-3": 0.19375731587809214,
        "Rain_Mm-3": 0.0,
        "RainRate_Mm_h-3": 0.0,
        "SolarRad_W_m_2-3": 0.0,
        "SolarEnergy_Ly-3": 0.0,
        "HighSolarRad_W_m_2-3": -0.04260476720754347,
        "ET_Mm-3": 0.0,
        "HeatingDegreeDays-3": 0.0,
        "CoolingDegreeDays-3": 0.0
    },
    "calib_input_media": {
        "1m": 0.16607142857142856,
        "2m": 0.01328125,
        "3m": 0.004966517857142857,
        "4m": 0.0,
        "5m": 0.12114955357142858,
        "6m": 0.14815848214285715,
        "7m": 0.05563616071428571,
        "8m": 0.029910714285714287,
        "9m": 0.16065848214285713,
        "10m": 0.04190848214285714,
        "11m": 0.160546875,
        "12m": 0.09771205357142858,
        "1d": 0.04285714285714286,
        "2d": 0.041238839285714285,
        "3d": 0.03470982142857143,
        "4d": 0.03214285714285714,
        "5d": 0.03214285714285714,
        "6d": 0.028683035714285713,
        "7d": 0.026785714285714284,
        "8d": 0.026785714285714284,
        "9d": 0.030133928571428572,
        "10d": 0.03214285714285714,
        "11d": 0.02885044642857143,
        "12d": 0.026171875,
        "13d": 0.026283482142857143,
        "14d": 0.026339285714285714,
        "15d": 0.029073660714285715,
        "16d": 0.030412946428571428,
        "17d": 0.030636160714285713,
        "18d": 0.030078125,
        "19d": 0.030078125,
        "20d": 0.029408482142857142,
        "21d": 0.031640625,
        "22d": 0.03214285714285714,
        "23d": 0.03214285714285714,
        "24d": 0.03214285714285714,
        "25d": 0.033482142857142856,
        "26d": 0.038839285714285715,
        "27d": 0.03755580357142857,
        "28d": 0.0375,
        "29d": 0.03995535714285714,
        "30d": 0.04285714285714286,
        "31d": 0.026785714285714284,
        "00h": 0.0421875,
        "01h": 0.0421875,
        "02h": 0.0421875,
        "03h": 0.0421875,
        "04h": 0.04213169642857143,
        "05h": 0.042243303571428574,
        "06h": 0.0421875,
        "07h": 0.04190848214285714,
        "08h": 0.041796875,
        "09h": 0.04135044642857143,
        "10h": 0.04151785714285714,
        "11h": 0.04135044642857143,
        "12h": 0.041015625,
        "13h": 0.041183035714285714,
        "14h": 0.04056919642857143,
        "15h": 0.040625,
        "16h": 0.04051339285714286,
        "17h": 0.04107142857142857,
        "18h": 0.041741071428571426,
        "19h": 0.041685267857142855,
        "20h": 0.04196428571428571,
        "21h": 0.04202008928571429,
        "22h": 0.0421875,
        "23h": 0.0421875,
        "Barometer_HPa": 1015.5989787946428,
        "Temp__C": 14.392633928571428,
        "HighTemp__C": 14.561724330357142,
        "LowTemp__C": 14.226082589285715,
        "Hum__": 79.06635044642857,
        "DewPoint__C": 10.174140625,
        "WetBulb__C": 11.412717633928573,
        "WindSpeed_Km_h": 3.8409821428571425,
        "WindRun_Km": 0.9623381696428572,
        "HighWindSpeed_Km_h": 8.603939732142855,
        "WindChill__C": 14.145998883928572,