{
    "B": {
        "const": 0.0015798316547447424,
        "1m": -54449520612.041985,
        "2m": -16451013676.482105,
        "3m": -25821429189.349316,
        "4m": -53696756568.75219,
        "5m": -54441777866.81038,
        "6m": -53680867785.19323,
        "7m": -33087321549.660263,
        "8m": -24520994122.599377,
        "9m": -53688813244.157005,
        "10m": -28881731626.225258,
        "11m": -53672920191.41897,
        "12m": -43067014279.13228,
        "1d": -105573936205.28021,
        "2d": -104037608658.21147,
        "3d": -97546463961.13826,
        "4d": -94851369426.73184,
        "5d": -94851369426.73428,
        "6d": -91072807750.92836,
        "7d": -88922590736.19305,
        "8d": -88922590736.19019,
        "9d": -88922590736.18695,
        "10d": -88922590736.18436,
        "11d": -85044912773.6971,
        "12d": -82508543919.19397,
        "13d": -82438785188.6893,
        "14d": -82508543919.19331,
        "15d": -86049413818.7557,
        "16d": -88858454412.3245,
        "17d": -88858454412.31897,
        "18d": -88922590736.18192,
        "19d": -88730024320.94554,
        "20d": -88922590736.17522,
        "21d": -88922590736.17618,
        "22d": -88922590736.18867,
        "23d": -88922590736.18375,
        "24d": -88922590736.18141,
        "25d": -90446418227.983,
        "26d": -98121009119.55106,
        "27d": -100157596696.22119,
        "28d": -100380900754.77533,
        "29d": -102799657932.29163,
        "30d": -105573936205.27727,
        "31d": -82508543919.18506,
        "00h": 6539672898.7123165,
        "01h": 6539672898.711335,
        "02h": 6526233961.871582,
        "03h": 6539672898.710151,
        "04h": 6536316246.948996,
        "05h": 6539672898.717097,
        "06h": 6539672898.736579,
        "07h": 6532957542.370945,
        "08h": 6536316246.982346,
        "09h": 6516133115.353699,
        "10h": 6526233961.915721,
        "11h": 6529596781.748293,
        "12h": 6522869079.707767,
        "13h": 6539672898.753249,
        "14h": 6536316246.978204,
        "15h": 6536316246.973748,
        "16h": 6536316246.964577,
        "17h": 6526233961.875598,
        "18h": 6539672898.707286,
        "19h": 6539672898.70836,
        "20h": 6539672898.717569,
        "21h": 6539672898.718784,
        "22h": 6539672898.717433,
        "23h": 6539672898.715249,
        "Barometer_HPa": 0.0,
        "Temp__C": 0.7114389262917639,
        "HighTemp__C": 0.0,
        "LowTemp__C": 0.0,
        "Hum__": 0.4404027727492237,
        "DewPoint__C": -0.5527924925308112,
        "WetBulb__C": 0.0,
        "WindSpeed_Km_h": -1.0974535648999098,
        "WindRun_Km": 1.0852204632513947,
        "HighWindSpeed_Km_h": 0.0,
        "WindChill__C": 0.0,
        "HeatIndex__C": 0.0,
        "THWIndex__C": -0.5924682652262698,
        "THSWIndex__C": 0.6427147210430422,
        "Rain_Mm": 0.0,
        "RainRate_Mm_h": 0.0,
        "SolarRad_W_m_2": 0.0,
        "SolarEnergy_Ly": 0.08773824261226401,
        "HighSolarRad_W_m_2": 0.05676083478672595,
        "ET_Mm": 0.0,
        "HeatingDegreeDays": -1.0362159019300374,
        "CoolingDegreeDays": 0.0,
        "Barometer_HPa-1": 0.0,
        "Temp__C-1": 0.0,
        "HighTemp__C-1": 0.0,
        "LowTemp__C-1": 0.0,
        "Hum__-1": 0.0,
        "DewPoint__C-1": -0.6923066102954806,
        "WetBulb__C-1": 1.1923014793873319,
        "WindSpeed_Km_h-1": 0.0,
        "WindRun_Km-1": 0.0,
        "HighWindSpeed_Km_h-1": 0.0,
        "WindChill__C-1": 0.0,
        "HeatIndex__C-1": -0.7128257587156555,
        "THWIndex__C-1": 0.0,
        "THSWIndex__C-1": 0.0,
        "Rain_Mm-1": 0.0,
        "RainRate_Mm_h-1": 0.0,
        "SolarRad_W_m_2-1": 0.0,
        "SolarEnergy_Ly-1": 0.0,
        "HighSolarRad_W_m_2-1": 0.0,
        "ET_Mm-1": 0.0,
        "HeatingDegreeDays-1": 0.0,
        "CoolingDegreeDays-1": 0.2536264578782057,
        "Barometer_HPa-2": 0.01282138836981283,
        "Temp__C-2": 0.0,
        "HighTemp__C-2": 0.0,
        "LowTemp__C-2": 0.0,
        "Hum__-2": 0.0,
        "DewPoint__C-2": 0.0,
        "WetBulb__C-2": 0.0,
        "WindSpeed_Km_h-2": 0.0,
        "WindRun_Km-2": 0.0,
        "HighWindSpeed_Km_h-2": 0.0,
        "WindChill__C-2": 0.0,
        "HeatIndex__C-2": 0.0,
        "THWIndex__C-2": 0.0,
        "THSWIndex__C-2": 0.0,
        "Rain_Mm-2": 0.0,
        "RainRate_Mm_h-2": 0.0,
        "SolarRad_W_m_2-2": 0.03926843243236543,
        "SolarEnergy_Ly-2": 0.0,
        "HighSolarRad_W_m_2-2": 0.0,
        "ET_Mm-2": 0.0,
        "HeatingDegreeDays-2": 0.0,
        "CoolingDegreeDays-2": 0.0,
        "Barometer_HPa-3": 0.0,
        "Temp__C-3": 0.0,
        "HighTemp__C-3": -0.2723398995493706,
        "LowTemp__C-3": 0.0,
        "Hum__-3": 0.0,
        "DewPoint__C-3": 0.0,
        "WetBulb__C-3": 0.0,
        "WindSpeed_Km_h-3": 0.0,
        "WindRun_Km-3": 0.0,
        "HighWindSpeed_Km_h-3": 0.0,
        "WindChill__C-3": -0.340135386383678,
        "HeatIndex__C-3": 0.0,
        "THWIndex__C-3": 0.0,
        "THSWIndex__C-3": 0.22057075235021698,
        "Rain_Mm-3": 0.0,
        "RainRate_Mm_h-3": 0.0,
        "SolarRad_W_m_2-3": 0.0,
        "SolarEnergy_Ly-3": -0.05106777175645908,
        "HighSolarRad_W_m_2-3": 0.0,
        "ET_Mm-3": 0.0,
        "HeatingDegreeDays-3": 0.0,
        "CoolingDegreeDays-3": 0.26383243663064987
    },
    "calib_input_media": {
        "1m": 0.13324975373869435,
        "2m": 0.010656398316468165,
        "3m": 0.026685770574012717,
        "4m": 0.12895137458583325,
        "5m": 0.13320497895585207,
        "6m": 0.12886182502014865,
        "7m": 0.044640458493776305,
        "8m": 0.023999283603474524,
        "9m": 0.12890659980299096,
        "10m": 0.03362586191456971,
        "11m": 0.12881705023730636,
        "12m": 0.07840064475687293,
        "1d": 0.042983791528611086,
        "2d": 0.04168532282618429,
        "3d": 0.03644667323363482,
        "4d": 0.03438703322288887,
        "5d": 0.03438703322288887,
        "6d": 0.03161099668666607,
        "7d": 0.03008865407002776,
        "8d": 0.03008865407002776,
        "9d": 0.03008865407002776,
        "10d": 0.03008865407002776,
        "11d": 0.02744694188233187,
        "12d": 0.02579027491716665,
        "13d": 0.025745500134324348,
        "14d": 0.02579027491716665,
        "15d": 0.028118563624966418,
        "16d": 0.03004387928718546,
        "17d": 0.03004387928718546,
        "18d": 0.03008865407002776,
        "19d": 0.02995432972150085,
        "20d": 0.03008865407002776,
        "21d": 0.03008865407002776,
        "22d": 0.03008865407002776,
        "23d": 0.03008865407002776,
        "24d": 0.03008865407002776,
        "25d": 0.031163248858243037,
        "26d": 0.03689442106205785,
        "27d": 0.038506313244380766,
        "28d": 0.038685412375749975,
        "29d": 0.04065550282081132,
        "30d": 0.042983791528611086,
        "31d": 0.02579027491716665,
        "00h": 0.041730097609026594,
        "01h": 0.041730097609026594,
        "02h": 0.041550998477657385,
        "03h": 0.041730097609026594,
        "04h": 0.04168532282618429,
        "05h": 0.041730097609026594,
        "06h": 0.041730097609026594,
        "07h": 0.04164054804334199,
        "08h": 0.04168532282618429,
        "09h": 0.04141667412913047,
        "10h": 0.041550998477657385,
        "11h": 0.04159577326049969,
        "12h": 0.04150622369481508,
        "13h": 0.041730097609026594,
        "14h": 0.04168532282618429,
        "15h": 0.04168532282618429,
        "16h": 0.04168532282618429,
        "17h": 0.041550998477657385,
        "18h": 0.041730097609026594,
        "19h": 0.041730097609026594,
        "20h": 0.041730097609026594,
        "21h": 0.041730097609026594,
        "22h": 0.041730097609026594,
        "23h": 0.041730097609026594,
        "Barometer_HPa": 1014.9047058296769,
        "Temp__C": 14.268147219485986,
        "HighTemp__C": 14.442585295961315,
        "LowTemp__C": 14.094783737798872,