{
    "B": {
        "const": -0.0003115640295589275,
        "1m": 0.0,
        "2m": 0.0,
        "3m": 0.0,
        "4m": -99650543140.97495,
        "5m": -327434741808.19464,
        "6m": -336488317593.5674,
        "7m": -221645914852.994,
        "8m": -168444585362.46393,
        "9m": -343189663673.152,
        "10m": -165426974306.11823,
        "11m": -124004750204.84918,
        "12m": -113727818934.38774,
        "1d": -239281065311.01193,
        "2d": -233388908049.12396,
        "3d": -232639851686.575,
        "4d": -238311127001.17557,
        "5d": -227571279698.32718,
        "6d": -214280326079.93225,
        "7d": -212063644474.24573,
        "8d": -216742852480.10583,
        "9d": -206976059706.31128,
        "10d": -215104791861.0675,
        "11d": -199065248243.46698,
        "12d": -184702598752.00558,
        "13d": -185352993198.76505,
        "14d": -185028113481.3832,
        "15d": -183722210706.0333,
        "16d": -181411770476.61307,
        "17d": -192657272799.54965,
        "18d": -184702598752.00275,
        "19d": -184049650773.5362,
        "20d": -180745635527.2322,
        "21d": -201150162258.34607,
        "22d": -195126351046.8979,
        "23d": -190781910499.9718,
        "24d": -188885691836.33377,
        "25d": -183065381134.71637,
        "26d": -209254724555.26398,
        "27d": -247573638903.91284,
        "28d": -234631020420.576,
        "29d": -231133084874.93256,
        "30d": -237336433261.3651,
        "31d": -146526925121.84634,
        "00h": 8806816529.780767,
        "01h": 8825087651.853924,
        "02h": 8788500002.936703,
        "03h": 8825087651.85156,
        "04h": 8806816529.772905,
        "05h": 8825087651.866228,
        "06h": 8806816529.836027,
        "07h": 8733275133.52166,
        "08h": 8770137786.956648,
        "09h": 8668315891.697884,
        "10h": 8602773312.668064,
        "11h": 8714774111.528118,
        "12h": 8441086114.66954,
        "13h": 8383141361.334894,
        "14h": 8565053355.108571,
        "15h": 8742508165.450283,
        "16h": 8649649542.383858,
        "17h": 8640298415.279884,
        "18h": 8770137786.843029,
        "19h": 8686934624.66175,
        "20h": 8742508165.39954,
        "21h": 8852409815.843882,
        "22h": 8770137786.855091,
        "23h": 8742508165.426468,
        "temp": 0.7722785654937399,
        "log": 0.0,
        "umidity": 0.07706169030785115,
        "chair": 0.3408889623037926,
        "temp-1": 0.12722369930283253,
        "log-1": 0.04985747574711651,
        "umidity-1": -0.033317899450541436,
        "chair-1": -0.531937968153343
    },
    "calib_input_media": {
        "1m": 0.0,
        "2m": 0.0,
        "3m": 0.0,
        "4m": 0.016754605202258632,
        "5m": 0.2314171989262242,
        "6m": 0.25067110987688607,
        "7m": 0.08951217254466352,
        "8m": 0.04952328057021198,
        "9m": 0.2663149125242988,
        "10m": 0.04767194297880219,
        "11m": 0.02619642691844858,
        "12m": 0.021938350458206055,
        "1d": 0.04369156715727113,
        "2d": 0.04146996204757938,
        "3d": 0.041192261408867906,
        "4d": 0.04332129963898917,
        "5d": 0.039340923817458115,
        "6d": 0.03471257983893363,
        "7d": 0.03397204480236971,
        "8d": 0.03554568175506804,
        "9d": 0.0323058409701009,
        "10d": 0.034990280477645096,
        "11d": 0.029806535221697676,
        "12d": 0.025548458761455152,
        "13d": 0.025733592520596132,
        "14d": 0.02564102564102564,
        "15d": 0.02527075812274368,
        "16d": 0.024622789965750253,
        "17d": 0.027862630750717394,
        "18d": 0.025548458761455152,
        "19d": 0.025363325002314172,
        "20d": 0.024437656206609277,
        "21d": 0.030454503378691104,
        "22d": 0.02860316578728131,
        "23d": 0.027307229473294455,
        "24d": 0.02675182819587152,
        "25d": 0.025085624363602704,
        "26d": 0.03304637600666482,
        "27d": 0.04693140794223827,
        "28d": 0.041932796445431825,
        "29d": 0.04063686013144497,
        "30d": 0.04295103212070721,
        "31d": 0.015921503286124225,
        "00h": 0.042580764602425256,
        "01h": 0.04276589836156623,
        "02h": 0.04239563084328427,
        "03h": 0.04276589836156623,
        "04h": 0.042580764602425256,
        "05h": 0.04276589836156623,
        "06h": 0.042580764602425256,
        "07h": 0.04184022956586134,
        "08h": 0.042210497084143296,
        "09h": 0.041192261408867906,
        "10h": 0.04054429325187448,
        "11h": 0.04165509580672035,
        "12h": 0.038970656299176155,
        "13h": 0.03841525502175322,
        "14h": 0.04017402573359252,
        "15h": 0.041932796445431825,
        "16h": 0.04100712764972693,
        "17h": 0.04091456077015644,
        "18h": 0.042210497084143296,
        "19h": 0.04137739516800889,
        "20h": 0.041932796445431825,
        "21h": 0.0430435990002777,
        "22h": 0.042210497084143296,
        "23h": 0.041932796445431825,
        "temp": 21.77721558826252,
        "log": 70.23641303341664,
        "umidity": 7664.236693511062,
        "chair": 25.218408775340187,
        "temp-1": 21.77689438119041,
        "log-1": 70.23758030176803,
        "umidity-1": 7661.084513561048,
        "chair-1": 25.218010737758036
    },
    "calib_input_stdev": {
        "1m": 1.0,
        "2m": 1.0,
        "3m": 1.0,
        "4m": 0.12835658722633198,
        "5m": 0.4217579219650462,
        "6m": 0.43341953517246556,
        "7m": 0.28549481323895554,
        "8m": 0.21696793045355933,
        "9m": 0.44205131865761776,
        "10m": 0.21308104489765972,
        "11m": 0.15972644036282588,
        "12m": 0.1464890631899594,
        "1d": 0.20441742137321528,
        "2d": 0.1993837610949343,
        "3d": 0.1987438434738099,
        "4d": 0.20358880466704832,
        "5d": 0.19441377074308197,
        "6d": 0.18305933088076756,
        "7d": 0.1811656234231717,
        "8d": 0.185163063142791,
        "9d": 0.17681930810596946,
        "10d": 0.183763670644439,
        "11d": 0.17006111485696146,
        "12d": 0.1577911269692199,
        "13d": 0.15834675787761843,
        "14d": 0.15806921366827015,
        "15d": 0.15695358307061663,
        "16d": 0.1549797777746528,
        "17d": 0.1645867919523695,
        "18d": 0.1577911269692199,
        "19d": 0.15723331458287182,
        "20d": 0.15441069978069238,
        "21d": 0.17184225347798923,
        "22d": 0.16669612144666984,
        "23d": 0.16298467301778113,
        "24d": 0.16136473652561753,
        "25d": 0.156392454645867,
        "26d": 0.1787659677465702,
        "27d": 0.21150175338339763,
        "28d": 0.20044489565524884,
        "29d": 0.19745661505961115,
        "30d": 0.202756125404848,
        "31d": 0.12517771164310323,
        "00h": 0.20191933332685436,
        "01h": 0.2023382466511352,
        "02h": 0.2014993789794487,
        "03h": 0.2023382466511352,
        "04h": 0.20191933332685436,
        "05h": 0.20233824665113517,
        "06h": 0.20191933332685436,
        "07h": 0.20023320421635618,
        "08h": 0.20107837708635443,
        "09h": 0.1987438434738099,
        "10h": 0.19724110819890614,
        "11h": 0.19980901983453395,
        "12h": 0.19353400573889298,
        "13h": 0.19220547051609363,
        "14h": 0.1963762793874463,
        "15h": 0.2004448956552489,
        "16h": 0.19831586853163855,
        "17h": 0.1981014694532951,
        "18h": 0.20107837708635443,
        "19h": 0.199170726691105,
        "20h": 0.2004448956552489,
        "21h": 0.20296467881528188,
        "22h": 0.20107837708635443,
        "23h": 0.2004448956552489,
        "temp": 7.561750798485135,
        "log": 21.303436360135148,
        "umidity": 16146.795240624573,
        "chair": 4.850484730860903,
        "temp-1": 7.561650628065958,
        "log-1": 21.30282031719899,
        "umidity-1": 16144.964614539263,
        "chair-1": 4.85043288019037
    },