{
    "B": {
        "const": -0.000823124631398095,
        "1m": 0.0,
        "2m": 0.0,
        "3m": 0.0,
        "4m": -14719861663.861607,
        "5m": -42173173963.5063,
        "6m": -35509129256.88946,
        "7m": -32404944205.545925,
        "8m": -24793711048.988995,
        "9m": -48444801119.35958,
        "10m": -24334613170.96647,
        "11m": -18294670846.42956,
        "12m": -16787922953.80734,
        "1d": -64091130801.80138,
        "2d": -62880557927.375145,
        "3d": -64091130801.79153,
        "4d": -63448939260.71208,
        "5d": -62962131262.8578,
        "6d": -58629204205.56696,
        "7d": -54275949182.15552,
        "8d": -55895609434.300735,
        "9d": -52498797666.98917,
        "10d": -55330153096.79642,
        "11d": -49698229402.13387,
        "12d": -44474012728.09895,
        "13d": -44715124121.64255,
        "14d": -44594745934.300186,
        "15d": -44474012728.09421,
        "16d": -44231469621.940704,
        "17d": -47728983938.72629,
        "18d": -51584211011.64623,
        "19d": -54565764778.88536,
        "20d": -53592770527.74981,
        "21d": -59595204155.924355,
        "22d": -57824818451.70011,
        "23d": -56361856275.90028,
        "24d": -47728983938.75793,
        "25d": -44954826839.209076,
        "26d": -54853836177.244385,
        "27d": -66509291932.12799,
        "28d": -64170861824.56582,
        "29d": -62140639278.791626,
        "30d": -64170861824.56493,
        "31d": -32639996942.05432,
        "00h": 3313298485.2713985,
        "01h": 3330648885.1983466,
        "02h": 3317646238.7844467,
        "03h": 3334969650.593382,
        "04h": 3313298485.2621765,
        "05h": 3308943918.2981095,
        "06h": 3304582510.9651575,
        "07h": 3295839066.4084334,
        "08h": 3339283734.59016,
        "09h": 3291456974.4106026,
        "10h": 3287067932.3738236,
        "11h": 3295839066.4047694,
        "12h": 3193241445.561972,
        "13h": 3202317356.5471134,
        "14h": 3220378871.947611,
        "15h": 3287067932.3282137,
        "16h": 3273858826.5480056,
        "17h": 3273858826.5304317,
        "18h": 3317646238.7772107,
        "19h": 3326321412.240859,
        "20h": 3326321412.252035,
        "21h": 3347891961.1013803,
        "22h": 3321987205.601556,
        "23h": 3287067932.3118744,
        "temp": 0.9427849020462671,
        "log": 0.04607792556279448,
        "umidity": 0.03877503612041275,
        "chair": -0.25028848437146645
    },
    "calib_input_media": {
        "1m": 0.0,
        "2m": 0.0,
        "3m": 0.0,
        "4m": 0.02093937991670523,
        "5m": 0.21413697362332254,
        "6m": 0.1384775566867191,
        "7m": 0.11186950485886164,
        "8m": 0.062008329477093935,
        "9m": 0.3328320222119389,
        "10m": 0.05957889865802869,
        "11m": 0.03273947246645072,
        "12m": 0.027417862100879223,
        "1d": 0.0443081906524757,
        "2d": 0.04257288292457196,
        "3d": 0.0443081906524757,
        "4d": 0.043382693197593705,
        "5d": 0.042688570106432205,
        "6d": 0.036788523831559464,
        "7d": 0.03135122628412772,
        "8d": 0.033317908375751965,
        "9d": 0.02926885701064322,
        "10d": 0.032623785284590465,
        "11d": 0.026145303100416475,
        "12d": 0.020823692734844978,
        "13d": 0.02105506709856548,
        "14d": 0.02093937991670523,
        "15d": 0.020823692734844978,
        "16d": 0.02059231837112448,
        "17d": 0.024062933826931976,
        "18d": 0.02822767237390097,
        "19d": 0.03169828782970847,
        "20d": 0.03054141601110597,
        "21d": 0.03806108283202221,
        "22d": 0.035747339194817214,
        "23d": 0.03389634428505322,
        "24d": 0.024062933826931976,
        "25d": 0.02128644146228598,
        "26d": 0.03204534937528922,
        "27d": 0.047894493290143454,
        "28d": 0.044423877834335955,
        "29d": 0.04153169828782971,
        "30d": 0.044423877834335955,
        "31d": 0.011105969458583989,
        "00h": 0.04211013419713096,
        "01h": 0.04257288292457196,
        "02h": 0.04222582137899121,
        "03h": 0.042688570106432205,
        "04h": 0.04211013419713096,
        "05h": 0.041994447015270706,
        "06h": 0.04187875983341046,
        "07h": 0.041647385469689956,
        "08h": 0.04280425728829246,
        "09h": 0.04153169828782971,
        "10h": 0.04141601110596946,
        "11h": 0.041647385469689956,
        "12h": 0.03898658028690421,
        "13h": 0.03921795465062471,
        "14h": 0.03968070337806571,
        "15h": 0.04141601110596946,
        "16h": 0.04106894956038871,
        "17h": 0.04106894956038871,
        "18h": 0.04222582137899121,
        "19h": 0.04245719574271171,
        "20h": 0.04245719574271171,
        "21h": 0.043035631652012955,
        "22h": 0.042341508560851455,
        "23h": 0.04141601110596946,
        "temp": 21.276215872281348,
        "log": 71.47511105969458,
        "umidity": 5878.377950023138,
        "chair": 24.519335955576125
    },
    "calib_input_stdev": {
        "1m": 1.0,
        "2m": 1.0,
        "3m": 1.0,
        "4m": 0.1431897142037101,
        "5m": 0.4102460243704627,
        "6m": 0.345420506389879,
        "7m": 0.31522406973259615,
        "8m": 0.24118463068558058,
        "9m": 0.4712542403801538,
        "10m": 0.2367186855935098,
        "11m": 0.17796421934836862,
        "12m": 0.16330709789913694,
        "1d": 0.20579085069842515,
        "2d": 0.20190381018994843,
        "3d": 0.20579085069842515,
        "4d": 0.20372883147833937,
        "5d": 0.20216573482590539,
        "6d": 0.18825309615061633,
        "7d": 0.1742751862063204,
        "8d": 0.17947576945334562,
        "9d": 0.16856891269312543,
        "10d": 0.17766014006332387,
        "11d": 0.15957654013783884,
        "12d": 0.14280205074854507,
        "13d": 0.14357623772527703,
        "14d": 0.14318971420371007,
        "15d": 0.14280205074854505,
        "16d": 0.14202326667153728,
        "17d": 0.15325347025161515,
        "18d": 0.16563225728572825,
        "19d": 0.17520575799460059,
        "20d": 0.17208156105561073,
        "21d": 0.19135483501958175,
        "22d": 0.18567028591612114,
        "23d": 0.18097284608426834,
        "24d": 0.15325347025161515,
        "25d": 0.14434590157022215,
        "26d": 0.17613072931879878,
        "27d": 0.21355534837401333,
        "28d": 0.20604685983408058,
        "29d": 0.1995279980262795,
        "30d": 0.20604685983408058,
        "31d": 0.10480409150948183,
        "00h": 0.2008520295985327,
        "01h": 0.2019038101899485,
        "02h": 0.20111559025324136,
        "03h": 0.20216573482590544,
        "04h": 0.2008520295985327,
        "05h": 0.20058805591222276,
        "06h": 0.2003236675615118,
        "07h": 0.1997936402795647,
        "08h": 0.20242725442991324,
        "09h": 0.1995279980262795,
        "10h": 0.19926193446427454,
        "11h": 0.19979364027956473,
        "12h": 0.19357417636245788,
        "13h": 0.19412435774577985,
        "14h": 0.19521924613133312,
        "15h": 0.19926193446427454,
        "16h": 0.19846119896791944,
        "17h": 0.19846119896791944,
        "18h": 0.20111559025324136,
        "19h": 0.20164147894367893,
        "20h": 0.20164147894367893,
        "21h": 0.2029490848027325,
        "22h": 0.2013787394980523,
        "23h": 0.19926193446427456,
        "temp": 7.759219963941195,
        "log": 21.98356947374688,
        "umidity": 14337.628604601894,
        "chair": 5.012162700662593
    },
    "calib_output_media": 21.79567619157797,
    "calib_output_stdev": 7.3431409582065585,
    "empty_columns": [
        "1m",
        "2m",
        "3m"
    ],
    "window": 0
}